/*
Navicat MySQL Data Transfer

Source Server         : 111.231.237.47
Source Server Version : 50722
Source Host           : 111.231.237.47:3306
Source Database       : hstc

Target Server Type    : MYSQL
Target Server Version : 50722
File Encoding         : 65001

Date: 2018-10-14 13:56:12
*/

SET FOREIGN_KEY_CHECKS=0;

-- ----------------------------
-- Table structure for t_admin
-- ----------------------------
DROP TABLE IF EXISTS `t_admin`;
CREATE TABLE `t_admin` (
  `admin_id` varchar(11) NOT NULL COMMENT '管理员编号',
  `admin_name` varchar(11) NOT NULL COMMENT '管理员用户名',
  `admin_account` varchar(11) NOT NULL,
  `admin_password` varchar(255) NOT NULL COMMENT '管理员密码',
  `admin_identity` varchar(11) NOT NULL,
  PRIMARY KEY (`admin_id`)
) ENGINE=InnoDB DEFAULT CHARSET=utf8;

-- ----------------------------
-- Records of t_admin
-- ----------------------------
INSERT INTO `t_admin` VALUES ('15286454202', '郑伟东', 'admin', 'd8b0b581117df5b70346cdaf048e0869', '超级管理员');
INSERT INTO `t_admin` VALUES ('15286455546', '吴嘉娜', 'wujiana', '62fa0abeb23996642456b0702dbe2720', '普通管理员');
INSERT INTO `t_admin` VALUES ('15286455940', '谢耀义', 'xieyaoyi', '62fa0abeb23996642456b0702dbe2720', '普通管理员');
INSERT INTO `t_admin` VALUES ('15286456500', '黄智样', 'zhiyang', '62fa0abeb23996642456b0702dbe2720', '普通管理员');
INSERT INTO `t_admin` VALUES ('15286456709', '李康', 'likang', '62fa0abeb23996642456b0702dbe2720', '普通管理员');
INSERT INTO `t_admin` VALUES ('15295849463', '测试', '123456', '62fa0abeb23996642456b0702dbe2720', '普通管理员');
INSERT INTO `t_admin` VALUES ('15362200485', 'Ceshi1', 'Ceshi1', '37f53644d6004fec562d7c9e7566778e', '普通管理员');

-- ----------------------------
-- Table structure for t_collect
-- ----------------------------
DROP TABLE IF EXISTS `t_collect`;
CREATE TABLE `t_collect` (
  `collect_id` varchar(11) NOT NULL COMMENT '收藏编号',
  `openid` varchar(255) NOT NULL COMMENT '用户编号',
  `id` varchar(11) DEFAULT NULL COMMENT '招聘信息编号',
  PRIMARY KEY (`collect_id`)
) ENGINE=InnoDB DEFAULT CHARSET=utf8;

-- ----------------------------
-- Records of t_collect
-- ----------------------------
INSERT INTO `t_collect` VALUES ('15286389642', 'obIOG5JcyvlzjJIqf8GfCoBiFfKo', '15289659166');
INSERT INTO `t_collect` VALUES ('15289763764', 'obIOG5JcyvlzjJIqf8GfCoBiFfKo', '15289663355');
INSERT INTO `t_collect` VALUES ('15320771125', 'obIOG5JcyvlzjJIqf8GfCoBiFfKo', '15289667816');

-- ----------------------------
-- Table structure for t_college
-- ----------------------------
DROP TABLE IF EXISTS `t_college`;
CREATE TABLE `t_college` (
  `college_id` varchar(11) NOT NULL COMMENT '学院编号',
  `college_name` varchar(11) NOT NULL COMMENT '学院名称',
  `college_img` varchar(255) NOT NULL COMMENT '学院图片',
  PRIMARY KEY (`college_id`)
) ENGINE=InnoDB DEFAULT CHARSET=utf8;

-- ----------------------------
-- Records of t_college
-- ----------------------------
INSERT INTO `t_college` VALUES ('1', '计算机学院', 'college/jisuanji.png');
INSERT INTO `t_college` VALUES ('2', '数学学院', 'college/math.png');
INSERT INTO `t_college` VALUES ('3', '物理学院', 'college/wuli.png');
INSERT INTO `t_college` VALUES ('4', '文学院', 'college/wenxue.png');
INSERT INTO `t_college` VALUES ('5', '生物学院', 'college/shengwu.png');
INSERT INTO `t_college` VALUES ('6', '化学学院', 'college/huaxue.png');
INSERT INTO `t_college` VALUES ('7', '音乐学院', 'college/music.png');
INSERT INTO `t_college` VALUES ('8', '美术学院', 'college/meisu.png');
INSERT INTO `t_college` VALUES ('9', '历史学院', 'college/lishi.png');

-- ----------------------------
-- Table structure for t_comment
-- ----------------------------
DROP TABLE IF EXISTS `t_comment`;
CREATE TABLE `t_comment` (
  `comment_id` varchar(12) NOT NULL COMMENT '评论编号',
  `id` varchar(12) NOT NULL COMMENT '招聘信息编号',
  `openid` varchar(255) NOT NULL COMMENT '用户编号',
  `content` text NOT NULL COMMENT '评论内容',
  PRIMARY KEY (`comment_id`)
) ENGINE=InnoDB DEFAULT CHARSET=utf8;

-- ----------------------------
-- Records of t_comment
-- ----------------------------
INSERT INTO `t_comment` VALUES ('15285455885', '15289676793', 'obIOG5JcyvlzjJIqf8GfCoBiFfKo', '我就是啦测试能不能插入你爱咋地');
INSERT INTO `t_comment` VALUES ('15285457241', '15289676793', 'obIOG5JcyvlzjJIqf8GfCoBiFfKo', '这次应该没事了把。。。。。');
INSERT INTO `t_comment` VALUES ('15286211956', '15289676793', 'obIOG5JcyvlzjJIqf8GfCoBiFfKo', '皮不批');
INSERT INTO `t_comment` VALUES ('15286212407', '15289676793', 'obIOG5JcyvlzjJIqf8GfCoBiFfKo', '测试评论');
INSERT INTO `t_comment` VALUES ('15286251118', '15289676793', 'obIOG5JcyvlzjJIqf8GfCoBiFfKo', '我来了');
INSERT INTO `t_comment` VALUES ('15286251547', '15289676793', 'obIOG5JcyvlzjJIqf8GfCoBiFfKo', '我又来了');
INSERT INTO `t_comment` VALUES ('15288727598', '15289676793', 'obIOG5JcyvlzjJIqf8GfCoBiFfKo', '测试内容。');
INSERT INTO `t_comment` VALUES ('15288729998', '15289676793', 'obIOG5JcyvlzjJIqf8GfCoBiFfKo', '平均。');

-- ----------------------------
-- Table structure for t_complaint
-- ----------------------------
DROP TABLE IF EXISTS `t_complaint`;
CREATE TABLE `t_complaint` (
  `complaint_id` varchar(12) NOT NULL COMMENT '投诉编号',
  `id` varchar(12) NOT NULL COMMENT '招聘信息编号',
  `openid` varchar(255) NOT NULL COMMENT '投诉次数',
  PRIMARY KEY (`complaint_id`)
) ENGINE=InnoDB DEFAULT CHARSET=utf8;

-- ----------------------------
-- Records of t_complaint
-- ----------------------------
INSERT INTO `t_complaint` VALUES ('15293278500', '15289684715', 'obIOG5JcyvlzjJIqf8GfCoBiFfKo');
INSERT INTO `t_complaint` VALUES ('15293279944', '15289647372', 'obIOG5JcyvlzjJIqf8GfCoBiFfKo');

-- ----------------------------
-- Table structure for t_recruitment
-- ----------------------------
DROP TABLE IF EXISTS `t_recruitment`;
CREATE TABLE `t_recruitment` (
  `id` varchar(11) NOT NULL COMMENT '招聘信息编号',
  `title` varchar(25) NOT NULL COMMENT '招聘信息标题',
  `litimg` varchar(100) NOT NULL COMMENT '招聘信息展示图',
  `details` text NOT NULL COMMENT '招聘信息详情',
  `published_time` varchar(100) NOT NULL COMMENT '发表时间',
  `author` varchar(20) NOT NULL DEFAULT '' COMMENT '作者',
  `college_id` varchar(11) NOT NULL COMMENT '学院编号',
  `type` varchar(10) NOT NULL COMMENT '招聘信息类型,"首页轮播"或"普通信息"',
  `complaint_count` varchar(11) NOT NULL DEFAULT '0',
  PRIMARY KEY (`id`)
) ENGINE=InnoDB DEFAULT CHARSET=utf8;

-- ----------------------------
-- Records of t_recruitment
-- ----------------------------
INSERT INTO `t_recruitment` VALUES ('15289647372', '前端网页开发工程师', '2018-06-14/38e73132e82f4b7093b30a3cb3670491.png', '职位描述：\n1、负责公司产品Web网页前端开发工作； \n2、负责公司内部Web网页前端开发工作；\n3、现有Web前端页面Bug修复，对代码持续进行改进和优化； \n4、按照开发流程编写相应模块的设计文档； \n\n任职要求：\n1、计算机相关专业，1年以上Web网页前端应用开发经验；\n2、熟练掌握Html/Javascript/CSS3等前端开发语言；\n3、熟悉VUE/JQuery/Bootstrap等前端开发框架；\n4、掌握常用数据结构、基本算法，对JSON格式、RESTful架构有一定了解；\n5、有强烈的责任心、团队合作能力强、求知欲强、有进取心、对工作充满热情；\n\n联系人：郑先生\n\n联系电话：15363386253', '2018-06-14', '小程序工作人员', '1', '首页轮播', '1');
INSERT INTO `t_recruitment` VALUES ('15289650429', 'Java后端开发工程师', '2018-06-14/b267e94e468e4195a4e76472fff27003.jpeg', '职位描述：\n1、负责公司产品服务端应用软件和组件的开发工作；\n2、按产品需求进行软件设计和编码实现，确保安全、质量和性能；\n3、现有后端产品的Bug修复，对代码持续进行改进和优化；\n4、参与内部测试、部署、实施等工作；\n\n任职资格：\n\n1、本科及以上计算机相关专业，1以上服务端应用程序开发经验；\n2、熟练掌握Java，有C/C++，jni开发经验更佳；\n3、熟悉Java EE技术，包括Servlet/JSP、JDBC、JMS、Web Service等，对各种开源的软件如Spring/SpringBoot、Struts、Hibernate/ibatis、Tomcat等有深入的了解；\n4、熟悉Oracle、Mysql数据库；\n5、掌握常用数据结构、基本算法，对软件性能优化有深入理解；\n6、有强烈的责任心、团队合作能力强、求知欲强、有进取心、对工作充满热情；\n福利待遇：\n公司提供行业极具竞争力的薪资和发展空间，员工享受“五险一金”、带薪年假、节日福利、公费团队活动、购书补贴、加班餐报销等福利，公司内部活动丰富多样，每年有不定期的团队聚餐、聚会。\n\n联系人: 李先生\n\n联系电话: 13817239521', '2018-06-14', '小程序工作人员', '1', '普通信息', '0');
INSERT INTO `t_recruitment` VALUES ('15289654064', 'Android应用工程师（Java）', '2018-06-14/1c4b544a56be47d29501e7ba21e92796.png', '岗位职责：\n在这里，你将参与亿级用户规模移动互联网业务，你将面临快、稳、省、高性能技术架构挑战，你将主导或负责业内顶尖技术及解决方案的设计与实施，具体工作方向包括：\n方向一：负责面向移动互联网用户的核心产品功能开发和架构设计；\n方向二：负责研究探索移动端新技术；\n方向三：Android系统应用开发。\n\n岗位要求：\n1、计算机软件、通讯相关专业本科及以上学历；\n2、热爱互联网，对互联网产品和技术有浓厚的兴趣；\n3、具备优秀的分析问题和解决问题的能力，对解决具有挑战性的问题充满激情；\n4、深刻理解算法和数据结构相关知识，并熟练掌握Java编程语言；\n5、熟悉TCP/IP，HTTP，HTTPS等网络协议；\n6、学习能力强，具有良好的沟通能力和良好的团队合作精神；\n7、优选条件：\n（1）有Android编程语言使用经验；\n（2）参与过实际项目开发，熟悉软件工程开发流程；\n（3）有计算机领域相关的编程大赛获奖经历。\n\n联系人: 黄先生\n\n联系电话: 13514812931', '2018-06-14', '小程序工作人员', '1', '首页轮播', '0');
INSERT INTO `t_recruitment` VALUES ('15289657515', '测试工程师', '2018-06-14/ab254b683e7a43148978233bdbc53853.jpeg', '职位描述：\n1、负责虹膜识别产品功能测试、性能测试、可靠性测试等；\n2、依据需求和研制规范，参与制定产品的测试方案；\n3、根据整机或模块任务完成情况具体实施软硬件设计输出的测试、检验工作推动量产工作；\n4、对测试过程中发现的问题进行分析、总结、跟踪，进行质量分析和风险把控；\n5、对新产品项目测试进度的跟进，以及开发过程中品质要求与建议。\n任职要求：\n1、本科及以上电子工程、自动化、计算机及其相关专业，熟悉产品测试理论和方法；\n2、具有良好的软件测试、产品测试专业理论基础知识；\n3、了解linux平台下常用操作、了解linux下Shell脚本编写；\n4、了解常用测试工具(如：LoadRunner/QTP等)的使用；\n5、了解Python编程，会使用Python语言编写自动化测试脚本；\n6、热爱测试工作，可以胜任重复性工作，工作细致认真，有耐心，稳定性强；\n\n联系人: 黄先生\n\n联系电话: 15358389285', '2018-06-14', '小程序工作人员', '1', '普通信息', '0');
INSERT INTO `t_recruitment` VALUES ('15289658537', '初中数学培优老师', '2018-06-14/a30f228d88b545fab8b63de0ed75e6d6.jpeg', '初中数学培优老师\r\n工作职责：\r\n1、负责初中数学培优课程的教学教研，完成班级教学；\r\n2、利用互联网工具和线下讲座，提供优质的教学服务；\r\n3、与学生、家长保持良好沟通，提升满意度。\r\n\r\n任职资格：\r\n1、全日制本科及以上学历，数学功底扎实，具有数学竞赛获奖经验；\r\n2、普通话标准，亲和力佳，擅于沟通。\r\n\r\n联系人：郑先生\r\n\r\n联系电话：153*****253', '2018-06-14', '小程序工作人员', '2', '普通信息', '0');
INSERT INTO `t_recruitment` VALUES ('15289659166', 'PHP程序员 福利好待遇优', '2018-06-14/0b831768a9244926a4c2883b88b0b507.jpeg', '岗位职责：\r\n\r\n1、在项目经理的带领下完成相应模块的代码开发工作；\r\n\r\n2、负责对开发需求做单元测试和交付测试；\r\n\r\n3、按照要求撰写技术文档；\r\n\r\n4、完成项目经理安排的其他工作；\r\n\r\n5、欢迎优秀的应届毕业生，实习期结束后通过考核可转正。\r\n\r\n\r\n\r\n招聘要求：\r\n\r\n1、大专及以上学历；\r\n\r\n2、热爱软件开发行业，善于学习和总结分析；\r\n\r\n3、做事认真、细心、负责，能够专心学习技术；\r\n\r\n4、有良好的工作态度和团队合作精神；\r\n\r\n5、能承受一定的工作压力；\r\n\r\n\r\n\r\n福利待遇:\r\n\r\n1、薪资福利:基本薪资+绩效奖金+项目奖金+年底双薪+餐补+员工体检+年度旅游等等\r\n\r\n2、五险二金（除了基本公积金，还会为您缴纳补充公积金），享有带薪年假及实物补贴；\r\n\r\n3、公司司注重员工培养，给予晋升机会，管理层在主要员工中培养、提拔。\r\n\r\n4、公司工作环境优雅、氛围好，同事关系融洽，生日派对、聚餐等活动丰富。\r\n\r\n\r\n\r\n工作时间：\r\n\r\n1、周一至周五，早上9：00-下午17:00，周末双休；\r\n\r\n2、针对连续工作满1年的员工提供带薪5天年假；\r\n\r\n3、国家法定节假日正常休息；\r\n\r\n联系人：杨先生\r\n\r\n联系电话：15377980123', '2018-06-14', '小程序工作人员', '1', '普通信息', '0');
INSERT INTO `t_recruitment` VALUES ('15289660183', '网络管理员', '2018-06-14/bcb7462d4e024e49b118d616e4d2d953.jpeg', '岗位职责：\n1、网路和服务器升级，解决网络问题；\n2、优化网络系统，确保网络正常运行；\n3、具有良好的沟通协调能力；\n任职资格：\n1、大学本科以上,英语4级,计算机及相关专业，具有一定的网络基础；\n2、熟悉windows、linux等操作系统者优先；\n3、熟悉oracle、sqlserver等数据库者优先；\n4、具备较强的团队协作能力和良好的沟通表达能力，有强烈的进取精神和工作责任心。\n\n联系人: 杨先生\n\n联系电话: 13913849281', '2018-06-14', '小程序工作人员', '1', '普通信息', '0');
INSERT INTO `t_recruitment` VALUES ('15289662820', '智能制造中心 教师', '2018-06-14/d941ecd44a324589a5f08093df8e70c7.jpeg', '一、应聘基本条件\r\n1、全日制普通高等院校统招本科及以上学历毕业生；\r\n2、本科要求英语四级成绩在425分及以上，研究生要求英语六级成绩在425分及以上，外语专业毕业生应通过国家相关专业等级考试；\r\n3、富有朝气、视野开阔、勇于创新；\r\n4、善于沟通、踏实肯干，有责任心，勇于担当，具备一定的抗压能力。\r\n二、所需专业\r\n自动化方向、机电一体化方向\r\n\r\n联系人：刘女士\r\n\r\n联系电话：15367790243', '2018-06-14', '小程序工作人员', '3', '普通信息', '0');
INSERT INTO `t_recruitment` VALUES ('15289663345', '初中数学老师/高中数学教师', '2018-06-14/c6ec63b861044e50af8c97e06ac59899.jpeg', '发展方向：学科老师—学科组长—教务主任—校区主任\n           三星级教师——七星级教师—教研组长—教研主任\n工作职责：\n1、根据机构的教学安排，具体负责学生一对一、小班教学授课；\n2、根据学生的实际情况，制定适宜的教学方案，进行学习方法指导、学习习惯的培养；查漏补缺，帮助学生提高学习兴趣，提高学生成绩；\n3、主动与学生、家长、班主任进行沟通，听取学生、家长反馈意见；测试学生接受课程辅导的成效，能因时制宜的调整教学方法和进度安排；\n4、与本学科组内教师进行教研交流，积极参加教研活动，提高教学水平。\n\n岗位要求：\n1、本科以上学历，专业不限；热爱教育行业，普通话标准，有亲和力，有耐心；\n2、个人学业成绩优秀，具备扎实的理论基础，熟悉广州中小学的各类教材及中高考政策；\n3、了解个性化一对一教学模式，有毕业班教学经验或课外辅导经验者优先；\n4、熟悉中学生的生活及学习特点，善于因材施教，具备灵活科学的教学方法，擅于和学生进行交流互动；\n5、至少有半年以上机构或学校的教学经验\n\n加入我们你将得到：\n1、公司严格按照《劳动法》相关规定与正式员工签订劳动合同，享受养老、医疗、失业、工伤、生育五险，购买五险一金；\n2、薪酬制度：薪金（根据同行业经验情况定级定薪）＋课酬+奖金+全勤奖；\n3、丰富多彩的员工活动：员工聚餐、节日晚会、旅游活动、趣味运动会、优秀员工表彰活动等等，每年至少1次的旅游度假机会；\n4、健全的休假休息制度，包括带薪年假、婚假、丧假、产假、陪产假等；\n5、各种节假日公司发放一定的礼金或礼品；开门利是；员工生日礼金；\n6、珍贵的内外部职业资质培训机会，良好的职业发展晋升空间；\n7、介绍新人奖，奖金高达500元；\n8、欢迎各位优秀的老师加入我们！\n\n联系人：谢先生\n\n电话：16843144921', '2018-06-14', '小程序工作人员', '2', '普通信息', '0');
INSERT INTO `t_recruitment` VALUES ('15289663355', '数据库程序员（Oracle）', '2018-06-14/2a105e9c58f04297a9086132a57275a3.jpeg', '一、技能要求：\n1、有实际的MY SQL或Oracle等数据库开发相关工作经历，具有初级工程师技术能力； \n2、熟悉SQL 基础语法；\n3、有实际数据库脚本、存储过程编写经验者优先。\n\n二、素质要求\n1、有较好的团队精神和良好的沟通能力；\n2、能承受一定的工作压力；\n3、做事细心，责任心强；\n4、重视质量，有强烈的质量优先意识；\n\n说明:\n1、我公司也招聘有数据库相关学习经历的应届毕业生。\n2、我公司数据库工程师岗位工作地点包括：南京、无锡、南通、扬州、淮安、徐州、宿迁，南京以外岗位，我公司提供住宿。\n\n联系人: 赵先生\n\n联系电话: 13412839819', '2018-06-14', '小程序工作人员', '1', '普通信息', '0');
INSERT INTO `t_recruitment` VALUES ('15289664639', '大学高数教师', '2018-06-14/61be691b5d2f4b03a6db3e23c9defed5.jpeg', '芜湖市三山区 安徽扬子职业技术学院 招聘 高等数学教师\r\n负责高等数学课教学及管理；负责完成领导交待的其他工作任务；\r\n任职要求：\r\n1.数学专业毕业，统招硕士研究生学历，（不认可专升本、成教自考、在职等学历）\r\n2.年龄在30岁以下，形象气质良好，性格开朗；\r\n3.工作积极主动，奋斗向上，具有一定抗压能力；\r\n4.可接受民办学校招生工作任务，服从学院管理。\r\n\r\n联系人：李先生\r\n\r\n电话：15649431854', '2018-06-14', '小程序工作人员', '2', '普通信息', '0');
INSERT INTO `t_recruitment` VALUES ('15289667816', '高薪诚聘电子/电气工程师助理 五险一金', '2018-06-14/64898f2ec1084a91a84b1f2652dbae21.jpeg', '岗位描述：    \r\n\r\n1、产品的技术指导；    \r\n\r\n2、产品故障分析解决；    \r\n\r\n3、填写产品数据及编写技术文档。    \r\n\r\n\r\n\r\n任职资格：    \r\n\r\n1、理工类相关专业, 大专及以上学历；    \r\n\r\n2、熟练使用办公软件及绘图软件；   \r\n\r\n3、沟通协调能力较好。 \r\n\r\n   \r\n\r\n福利待遇:\r\n\r\n1、入职后统一给员工购买社会保险（养老、医疗、工伤、生育、失业）、住房公积金及人身意外保险。 \r\n\r\n2、每年公司根据经营效益发放年终奖及特别奖。\r\n\r\n3、公司员工能享受有薪假期；如：婚假、产假、丧假、陪产假、高温假及病假。 \r\n\r\n4、定期组织集体活动，如:员工聚餐、旅游、节日晚会等。\r\n\r\n5、A级写字楼办公，工作环境高端舒适。\r\n\r\n6、晋升体制完善，管理层不对外招聘，均是从内部培养提拔；\r\n\r\n联系人：刘先生\r\n\r\n联系电话：15397752380', '2018-06-14', '小程序工作人员', '3', '普通信息', '0');
INSERT INTO `t_recruitment` VALUES ('15289668364', '大数据工程师', '2018-06-14/7ca04295362547d7b4ba49165bc4e9db.jpeg', '岗位职责：\n1、负责公司大数据平台搭建工作；\n2、协助完成大数据的项目开发工作；\n3、协助完善数据的分析挖掘流程及体系。\n招聘要求：\n1.有一定的linux基础；\n2.熟悉hadoop环境配置以及搭建；\n3.熟悉hadoop的组件使用：hive、hbase、zookeeper、sqoop、flume等；\n4.熟悉mapreduce编程；\n5.熟悉mapreduce应用开发、hadoop集群优化、spark rdd编程、有真实大数据相关项目经验优先；\n6.有一定的自学能力。\n\n联系人: 吴先生\n\n联系电话: 13912845910', '2018-06-14', '小程序工作人员', '1', '普通信息', '0');
INSERT INTO `t_recruitment` VALUES ('15289670665', '产品经理（大数据分析与建模）', '2018-06-14/26b88977eaf94c15a722348553956b6c.jpeg', '主要职责：\n1、负责网络金融大数据应用与分析；\n2、承担量化模型建设，如大数据风控、信贷风控模型建模等工作；\n3、为产品营销、风险控制等场景提供数据服务。\n任职资格：\n1、统计、应用数学、计量经济、计算机、金融等相关专业，具备良好的统计分析基础；\n2、熟练掌握SAS、SPSS、R、Python等数据分析工具，熟悉数据挖掘算法；\n3、3年以上数据分析、量化建模工作经验，有网络金融大数据风控建模经验的优先。\n\n联系人：白先生\n\n电话：15674919685', '2018-06-14', '小程序工作人员', '2', '普通信息', '0');
INSERT INTO `t_recruitment` VALUES ('15289673907', '文字编辑助理', '2018-06-14/bfbbd3e7eec34e8ea2493a59f8454cf2.jpeg', '岗位职责：\n1、负责新媒体信息的日常更新与维护，包括定期的策划活动，每日更新软文；\n2、具有一定的文字功底和图片处理能力\n任职要求：\n1、能够尽快入职、长期稳定工作。\n2、为人踏实可靠，任劳任怨，服从领导安排，能及时完成领导安排的工作。\n3、本岗位可接收应届实习生。\n4、工作积极主动，具有较强的责任感。\n5、年龄18-27周岁。\n工作时间:\n早九晚六 8小时工作制 做五休二\n福利待遇：\n1、双休，各种节假日。 \n2、积极有朝气的团队，舒适的办公环境。 \n3、丰富的员工文体活动，各种爱心礼品，人性化的管理。 \n4、具有市场竞争力的薪酬待遇、完善的福利体制。\n5、定期的在职培训，提升您的职业附加值。 \n6、高速增长朝阳的产业，良好的未来发展机遇。 \n\n联系人：张先生\n\n联系电话：15674318465', '2018-06-14', '小程序工作人员', '4', '普通信息', '0');
INSERT INTO `t_recruitment` VALUES ('15289675197', '文案编辑 / 市场文案策划', '2018-06-14/ed7792af0cd44c25bac5e35ada2b7fe5.jpeg', '工作职责:\r\n 1.参与选题和文本创新的头脑风暴，发挥你的创新才华\r\n 2.书籍、杂志及新媒体选题策划和内容制作\r\n 3.建筑师、设计师高端访谈\r\n 4.稿件撰写及编辑\r\n\r\n\r\n任职要求：\r\n1. 负责微信公众号、微博号等企业社会化媒体平台的内容编辑及日常运营。\r\n2. 负责企业公关传播软文撰写，包括新闻稿、产品稿、综述稿、深度稿等。\r\n3. 对社会热点即时监控、快速响应，在第一时间利用热点组织内容并落实执行。\r\n4. 具有良好的公关意识，熟悉公关软文写作方法，有相关项目执行经验； \r\n5.具有较强的新闻、热点敏感性，有较强的文案功底；\r\n6.网感好，创意优，执行力强，有良好的策略思考能力并能独立撰写内容及方案；\r\n7.知识面广，思维活跃，工作主动，有责任感，良好的沟通能力及团队合作精神，可承受较大压力\r\n\r\n联系人：叶先生\r\n\r\n联系电话：16545344958', '2018-06-14', '小程序工作人员', '4', '普通信息', '0');
INSERT INTO `t_recruitment` VALUES ('15289675231', '历史学讲师', '2018-06-14/f7ab05576f024862bae48dc2ed0740ae.jpeg', '岗位职责：\r\n\r\n1、依照教学计划，讲授历史学基础综合课程。\r\n\r\n2、编辑、修订历史学基础综合讲义和习题资料。\r\n\r\n3、帮助考生制定个性化的辅导方案。\r\n\r\n4、参与课程研发工作。\r\n\r\n任职要求：\r\n\r\n1、历史学专业研究生学历；\r\n\r\n2、较强的逻辑思维分析能力；较强的文档语言编写能力；较强的表达和沟通能力；\r\n\r\n3、专业基础扎实；、有强烈的责任心和良好的团队合作精神；\r\n\r\n4、有教育培训行业经验优先考虑，有培训、演讲类经验优先。\r\n\r\n \r\n\r\n单位比您更关注你的发展和晋升!\r\n\r\n 1、晋升：明确的晋升指标，达到标准即可当月转正、晋升。\r\n 2、薪金：透明公开公正. 业界最具竞争力的薪资。\r\n\r\n 3、培训：多达14门工作相关技能培训。提供带薪培训及丰富的团队文化和外出旅游活动。\r\n 4、高度的成长关怀：师徒培养制，手把手指导，用心呵护！\r\n\r\n联系人：杨女士\r\n\r\n联系电话：15309778394', '2018-06-14', '小程序工作人员', '9', '普通信息', '0');
INSERT INTO `t_recruitment` VALUES ('15289676793', '海洋生物饲养员', '2018-06-14/0edc4cb2ef1749d4aa958ff6a854d786.jpeg', '岗位职责：\n1、海洋生物的日常饲养工作，譬如给水，给食\n2、实验动物的日常健康、行为的观察、报告\n3、动物环境及设备的清洁消毒工作\n4、各类报表填写、水质检测、\n5、配合、服从部门领导的其他工作安排\n任职资格\n1、年龄30岁以下，高中以上学历\n2、性格外向开朗、爱笑，对动物有爱心、耐心\n3、水产养殖专业优先\n4、服务意识强，有团队精神\n5、会游泳者，眼睛近视不超过200度\n6、有相关工作经验者优先考虑。\n    具体相关情况、待遇面谈\n\n联系人: 李先生\n\n联系方式: 15328524951', '2018-06-14', '小程序工作人员', '5', '普通信息', '0');
INSERT INTO `t_recruitment` VALUES ('15289678220', '历史文化研究岗', '2018-06-14/66ee4d8901d14e31930afdb4c2049396.jpeg', '工作职责:\r\n1、负责公司景区历史文化挖掘研究、调研工作；\r\n2、负责撰写公司景区相关文化研究分析及宣传报告；\r\n3、公司交办其他工作。\r\n\r\n任职资格:\r\n1、本科或以上学历，历史学相关专业；\r\n2、有扎实的历史文化学识；\r\n3、有较强的思考分析能力、探索能力；\r\n4、有良好的沟通表达能力和较强的文案撰写能力。\r\n5、思维活跃，有较强的创意思维，富有创新精神\r\n\r\n联系人：吴女士\r\n\r\n联系电话：15365780935', '2018-06-14', '小程序工作人员', '9', '普通信息', '0');
INSERT INTO `t_recruitment` VALUES ('15289680224', '川乳公司-品控检验类', '2018-06-14/f1a1fbc41d6a49ba8e2f283a0ede6d2b.jpeg', '岗位职责：\r\n1、对生产过程实施监控；\r\n2、对生产工艺执行的正确性负责；\r\n3、对成品实施监督；\r\n4、对原奶进行监控；\r\n5、对生产人员与环境卫生进行监控；\r\n6、做好领导交办的其他事项。\r\n岗位要求：\r\n1、1年以上工作经验，熟悉乳品产品加工工艺，熟悉乳制品的检测方式及方法\r\n2、有食品相关工作经验优先，具有良好的沟通能力，做事仔细认真\r\n3、大专及以上学历,食品安全与工程、食品质量与安全、生物工程等专业优先\r\n4、身体健康，适应食品生产工作。\r\n\r\n联系人：白先生\r\n\r\n联系电话：13874318496', '2018-06-14', '小程序工作人员', '5', '普通信息', '0');
INSERT INTO `t_recruitment` VALUES ('15289682068', '检测人员-无机分析岗', '2018-06-14/61997811244e4f299f22698907b1e9d0.jpeg', '岗位工作内容：\r\n元素分析、理化分析、营养成分检测、环境样品分析等\r\n\r\n岗位要求：\r\n1.专科及以上学历,食品、化学、 环境及相关专业;\r\n2.了解UV、AFS、AAS,接触过元素分析、理化项目分析以及营养成分分析者优先；\r\n\r\n\r\n\r\n福利待遇:\r\n\r\n1、8小时工作制,双休,工作日免费午餐;\r\n\r\n2、单身职工提供单身职工宿舍;\r\n\r\n3、其他福利待遇:带薪年休假、高温补贴、每年定期体检、国内旅游、公司辅助职称评定等.\r\n\r\n联系人：陈先生\r\n\r\n联系电话：1530975834', '2018-06-14', '小程序工作人员', '6', '普通信息', '0');
INSERT INTO `t_recruitment` VALUES ('15289682533', '音乐老师', '2018-06-14/cc16850721294beca26d7ce36b7fe3e1.jpeg', '岗位职责：\r\n1、认真抓好音乐教学，使学生受到美的教育，陶冶情操，努力提高音乐教学质量；\r\n2、认真钻研新课程标准，制定教学计划，认真备课，不断改进教学方法，运用现代信息技术辅助教学，能按质按量完成教学任务；  \r\n3、努力做好本职工作，关心学校，热爱学校，服从学校的工作安排；\r\n4、管好、用好软件资料，管理用好音乐教学器材；\r\n5、完成领导交办的其他工作事务\r\n任职要求：\r\n1、大专及以上学历，应届生可招聘，有教学经验者优先；\r\n2、声乐专业，须会钢琴伴奏；\r\n3、可住校\r\n \r\n薪资待遇：\r\n1、薪资:基本工资+课时费+补贴+其他福利；\r\n2、为每一位员工缴纳社会保险（五险:养老保险、医疗保险、失业保险、工伤保险、生育保险)，另外再为每一位员工购买一份商业保险，提供带薪培训及丰富的团队活动；\r\n3、节假日发放过节礼品；\r\n4、公司不定期举办各种文化活动，丰富员工的业余生活；\r\n5、享受法定节假日等福利待遇；\r\n6、为员工提供食宿\r\n                                        \r\n面试地址：北京市东城区广渠门内白桥大街22号北京工商联大厦407\r\n乘车路线：\r\n（1）地铁七号线广渠门内（B口出），往前直走到红绿灯左拐北京工商联大厦。\r\n（2）地铁崇文门下，崇文门西换乘8路白桥大街下车，马路对面即是北京工商联大厦；\r\n（3）地铁双井站下换乘12路、57路、23路、715路广渠门内下；\r\n（4）29路、 52路、 122路广渠下。\r\n\r\n联系人：苗小姐\r\n\r\n联系电话：16354681854', '2018-06-14', '小程序工作人员', '7', '普通信息', '0');
INSERT INTO `t_recruitment` VALUES ('15289683203', '美术老师', '2018-06-14/b0ca31aec688479080fd537d34ee3a1d.jpeg', '岗位职责：\n1、理解并遵循教案，高品质完成 20 个月至 12 岁儿童美术课程教授工作；\n2、学习理解儿童早期艺术发展理论并将理论运用于实践，始终提高课程品质；\n3、尊重教案，在教学主管指导和组织下备课、准备上课用具、材料等；\n4、与家长沟通课程、教学目标及学生表现等，遵循教师服务工作流程，做好客户服务；\n5、参与市场活动，负责市场活动 DEMO 课的设计及现场实施，并设计有趣的市场活动游戏；\n6、协助其他部门工作：协助顾问、服务等部门沟通小朋友的发展状况及回答家长的疑问。\n任职要求：\n1、喜欢孩子，热爱儿童美术教育事业；\n2、美术、艺术类专业本科及以上学历；\n3、具备丰富的美术史知识及儿童教育心理学知识，美术功底扎实，熟悉美术材料的使用；\n4、普通话标准，具有较强的中文表达能力、授课能力及舞台表现力；\n5、具有亲和力，讲课生动活泼，知识面宽广；\n6、工作积极主动，细心、耐心，责任心强；\n7、具有儿童美术教学经验者优先考虑。\n晋升方向：\n美术教师->教师主管->总部培训师及教学支持岗位\n\n联系人: 吴女士\n\n联系电话: 13823849284', '2018-06-14', '小程序工作人员', '8', '普通信息', '0');
INSERT INTO `t_recruitment` VALUES ('15289683740', '高中音乐教师', '2018-06-14/890d6c1e30bf41139b3c439cd86edd9b.jpeg', '工作职责：\r\n1、课前备课，课堂授课及课后批改作业；\r\n2、课后辅导学生及补课；\r\n3、教学大纲的编写及课程安排；\r\n4、电话回访与家长、学生沟通，交流；\r\n5、维护教学环境及秩序。\r\n\r\n任职资格：\r\n1、音乐文学相关专业，本科以上学历，22-30岁；\r\n2、热爱教育事业，有敬业精神；\r\n3、性格活泼开朗，有亲和力；\r\n4、普通话二级甲等以上；\r\n5、准确掌握高中教学知识，要求有教师资格证，有相关教学经验优先。\r\n\r\n联系人：黄先生\r\n\r\n联系电话：13546846876', '2018-06-14', '小程序工作人员', '7', '普通信息', '0');
INSERT INTO `t_recruitment` VALUES ('15289684422', '化工实验室技术员/研究员', '2018-06-14/da0047b7a912411f93760e53b52d8706.jpeg', '岗位职责 \r\n1、原材料取样﹑检测﹑样板保存。 \r\n2、产品取样﹑检测﹑留样观察。 \r\n3、完成相关测试文档的填写数据的记录工作； \r\n4、对相关部门提供测试帮助，及时提出测试结果和问题； \r\n5、负责测试设备的维护及工作环境的清洁清理工作。 \r\n\r\n任职资格 \r\n1、20-35岁,中专以上学历；石油化工、应用化学或工业分析与检验相关专业； \r\n2、欢迎应届生投简历；\r\n\r\n3、具有化验室工作经验者优先考虑； \r\n4、动手能力强，头脑灵活；勤奋敬业，工作积极主动﹔\r\n\r\n联系人：刘先生\r\n\r\n联系电话：15397750357', '2018-06-14', '小程序工作人员', '6', '普通信息', '0');
INSERT INTO `t_recruitment` VALUES ('15289684715', 'PS设计助理', '2018-06-14/db747e3096624d8f8279c2638b849638.jpeg', '岗位职责：\n1、对设计有兴趣，并想进入该行业；\n2、负责协助动漫或游戏产品的设计及开发；\n3、好学、细心，喜欢发现事物当中的不足。责任心强。\n4、接触过设计软件优先考虑。\n\n任职要求：\n1、能够尽快入职、长期稳定工作。\n2、设计、动漫等相关专业优先考虑，年龄18-30岁\n3、无经验亦可，可提供岗前实训。\n\n福利待遇：\n1、基本工资3000-5000+项目提成+餐费补贴\n2、五险(养老、失业、工伤、医疗、生育）一金（公积金）\n3、入职后签订劳动就业合同，五险一金+双休法定假日,有良好的晋升空间\n4、全体员工除享受以上福利待遇外还将享受带薪年假、病假、婚假、丧假、产假等国家法定节假日。\n\n联系人: 李先生\n\n联系电话: 13584785945', '2018-06-14', '小程序工作人员', '8', '普通信息', '1');

-- ----------------------------
-- Table structure for t_user
-- ----------------------------
DROP TABLE IF EXISTS `t_user`;
CREATE TABLE `t_user` (
  `openid` varchar(255) NOT NULL COMMENT '用户编号',
  `nickName` varchar(255) NOT NULL COMMENT '用户昵称',
  `avatarUrl` varchar(255) NOT NULL COMMENT '用户头像',
  `province` varchar(255) NOT NULL,
  `city` varchar(255) NOT NULL,
  PRIMARY KEY (`openid`)
) ENGINE=InnoDB DEFAULT CHARSET=utf8;

-- ----------------------------
-- Records of t_user
-- ----------------------------
INSERT INTO `t_user` VALUES ('obIOG5JcyvlzjJIqf8GfCoBiFfKo', '东东', 'https://wx.qlogo.cn/mmopen/vi_32/GqPMLROFPOIvfCs85HKcD1UKwt3zEJOK4yIcJKaSz4lFGTaL8EzBmziczWx9oWbHyJTE8VXcScpExQssb78UQmA/132', '广东', '潮州');
